"Timestamp","Date","Chapter #","Description"
"2017/09/29 5:09:27 PM GMT","September 28, 2017","15","Project Name: Polynomial

I started to implement the basic features of the class: the LinkedList field that would store the terms, the constructor that would create the LinkedList, and the toString that would allow the Polynomial to be printed. Before I could finish the toString, I had to decide how the terms were going to be stored inside the LinkedList. I decided to make a nested class called Term that has an int array stored inside containing two values: the coefficient and the exponent. That way, I was able to implement Comparable so that terms were automatically sorted into the list. After finishing the toString method, the next method that I created was the derivative method, which pops each Term off of the list, multiplies the coefficient by the exponent, subtracts the exponent by one, and pushes it back into the list if it's not 0."
"2017/09/29 5:13:27 PM GMT","September 29, 2017","15","Project Name: Polynomial

I fixed the method of adding terms to the list so that coefficients with the same exponent are added together. With this addition, I was able to properly implement the add and multiply methods. The add method simply adds every term from both Polynomials to one result Polynomial, and multiply emulates the FOIL technique by using a double for loop to iterate through every term of the other Polynomial for every term in the first Polynomial. With those two methods finished, I've effectively finished the project."
"2017/10/04 12:14:03 PM GMT","September 30","15","Project Name: Expression Solver

Started and finished implementation using Reverse Polish Notation. Class fields are String expression and Stack<Integer> nums. Let's say the given expression is ""3 4 + 5 *"", which is equivalent to ""(3 + 4) * 5"". The String expression is iterated through from left to right. Any number is pushed onto nums. Any operator is applied on two numbers popped from nums, and the result is pushed back into nums. After the last operation, there is one number left in nums, which is returned.

My next goal is to re-work Expression Solver so that it works with Standard Notation instead.

Note: Non-integer math is not currently supported and probably won't be in the future."
"2017/10/04 12:36:30 PM GMT","October 1, 2017","15","Project Name: Expression Solver

Began to attempt implementation of Standard Mode. Class fields are now Stack<Integer> nums, Stack<Character> operators, and String[] terms (a given expression is converted to a String[] when setExpression() is called). Theoretically, for each String in terms, check if it's a number or an operator. Numbers get pushed into nums. If an operator precedes another operator in operators, the operator in operators is popped off and applied to two numbers popped off of nums. Otherwise, the current operator is pushed into operators and iteration continues. After iteration, there is one number in nums, which is returned.

Currently does not work. As anticipated, Standard Notation is quite a bit harder to implement here."
"2017/10/04 12:41:09 PM GMT","October 2, 2017","15","Project Name: Expression Solver

Fixed remaining bugs; solve() now works as intended when each term is separated by a space and no parentheses are used. Next goal is to add support for parentheses."
"2017/10/04 12:45:06 PM GMT","October 3, 2017","15","Project Name: Expression Solver

Added support for parentheses. Next goal is to remove requirement for spaces separating terms."
"2017/10/05 1:10:40 PM GMT","October 4, 2017","15","Alright, I'll be honest. I had to catch up on my daily log, so I didn't really make any progress on the project today. Also, I wasn't sure whether or not these log entries had to relate to projects only, or if they're for anything that I happen to do that day (I realize now that it's the latter). From now on, I will try to really keep on top of this log (perhaps as part of my homework)."
"2017/10/05 2:18:46 PM GMT","October 5, 2017","15","Project Name: Expression Solver

Updated the setExpression() method - whitespace no longer matters.
Fixed a few logic errors. Added an optional debug flag dependent on the command-line arguments.
Added a Scanner and while(true) loop to main() for user accessibility.
I'm finished with Chapter 15!"
"2017/10/06 3:39:35 PM GMT","October 6, 2017","18","Started reading Chapter 18 of ""Big Java"". Finished section 18.1. Attempted to test some things shown in the chapter, which didn't really go anywhere."
"2017/10/11 3:13:54 PM GMT","October 10, 2017","18","Read more of Chapter 18 and answered some more self-check questions. Made my first complete program with manually coded GUI (I think I'm getting the hang of this!)"
"2017/10/13 12:09:38 PM GMT","October 11, 2017","18","Read up to (not including) Section 18.5: Menus. Did the 1st how-to (made a pizza GUI)."
"2017/10/13 12:14:46 PM GMT","October 12, 2017","18","Read Section 18.5: Menus. Added a menubar with one menu with one menu item (File -> Exit) to the pizza program. Updated BaseConverter (the one I made before Pizza) so that it no longer has a big button in the middle - the output field updates dynamically."
"2017/10/16 1:18:24 PM GMT","October 13, 2017","18","Finished reading Chapter 8 and answering the Self-Check questions. Did one of the programming exercises (made an Interest Rate Calculator) and added some extra flair to it (used spinners instead of text fields and added an option for different compounding rates)."
"2017/10/17 2:59:06 PM GMT","October 16, 2017","18","Project Name: ScrollingMessage

Created a skeleton for the Scrolling Message class (which extends JFrame)"
"2017/10/23 12:09:08 PM GMT","October 17-20, 2017","18","Project Name: ScrollingMessage

Slowly made progress in building the GUI. Originally was going to use a JTextArea to display the message but decided instead on using a canvas. Originally was going to have every slider, button, etc. in the same window but decided to have a separate window for each and connect them all with a JMenuBar.

Apparently I also forgot to record my daily log for about a week :/"
"2017/10/23 2:05:40 PM GMT","October 23, 2017","18","Project Name: ScrollingMessage

Finally managed to figure out how to get the canvas to update at 60fps, which means the message and colors are now changeable and the message actually scrolls across the canvas."
"2017/10/24 3:09:33 PM GMT","October 24, 2017","18","Project Name: ScrollingMessage

Added a proper menu for changing the font of the text. Works as intended. Forgot to mention in earlier log entries that I added a ""Reset"" menu item, which also works as intended."
"2017/10/25 3:44:04 PM GMT","October 25, 2017","18","Project Name: ScrollingMessage

Fixed a bug where cancelling or X-ing out of the ""Change Text"" option pane would cause a NullPointerException.
Removed a discontinuity between initial values and reset values of Canvas.
Changed default font to Calibri Bold 50.

Canvas updates at ~60fps (forgot to mention that previously).
Made the ""Change Font"" frame look nicer (etched border around combo box).
Streamlined the process of creating ""OK"", ""Cancel"", and ""Apply"" buttons.

Began adding customization options for scrolling speed and direction. The ""Change Scrolling"" frame is still blank."
"2017/10/26 7:13:23 PM GMT","October 26, 2017","18","Project Name: ScrollingMessage

Finished building the frame for scroll speed settings, works as intended.
I may try to tweak some parts of the program but otherwise I think I'm done!"
"2017/10/31 1:38:24 PM GMT","October 31, 2017","19","Began reading Chapter 19 and answering Self Check questions."
"2017/11/01 2:31:01 PM GMT","November 1, 2017","19","Read more of Chapter 19, answered more self-check questions."
"2017/11/03 3:49:54 PM GMT","November 2, 2017","19","Finished reading Chapter 9 and answering Self-Check questions (that didn't take as long as I thought it might). I want to do some programming exercises before I get started on the major projects, so I think that's what I'll do tomorrow."
"2017/11/03 5:40:10 PM GMT","November 3, 2017","19","Project Name: MonoAlphaCipher

Started creating a cipher in which a keyword, rather than a number, is used to encrypt or decrypt a file. Created constructor and methods for initializing and removing duplicates from the keyword."
"2017/11/06 8:04:23 PM GMT","November 6, 2017","19","Project Name: MonoAlphaCipher

Encryption/decryption of characters works as intended, but for some reason no data is being read from the input file. Still need to work that out."
"2017/11/09 3:02:30 PM GMT","November 8, 2017","19","Project Name: MonoAlphaCipher

Alright, I fixed the bug where the FileWriter wasn't writing to the output. Turns out you actually do need to close an output stream/writer or else it doesn't do anything. Once that was done, I did the final step of adding command-line arguments. The error statements aren't handled perfectly, but I did add a case for not enough arguments or no keyword provided. Anyway, I'm done with this one."
"2017/11/14 6:11:36 PM GMT","November 14, 2017","19","Project Name:  LetterFrequencies

Started building the outline for the LetterFrequencies class. Instance variables include an input file, a Scanner to read the file, and a FileWriter to write to a new file."
"2017/11/20 3:19:01 PM GMT","November 15, 2017","19","Project Name: LetterFrequencies

Successfully implemented the generateOutput() method and tested on two large bodies of English text - works exactly as intended!"
"2017/11/27 6:14:47 PM GMT","November 27, 2017","19","Wow, I did not realize how long it's been since I recorded a new entry here. I'll try to get back on schedule now.

Project Name: Database

Created outlines for methods to add, find, and edit database entries. Also, I realized I don't actually need a separate FileInputStream and FileOutputStream if I'm using a RandomAccessFile. Neat."
"2017/11/29 3:01:15 AM GMT","November 28, 2017","19","Project Name: Database

Added getter methods for name, price, and quantity at a given index. Filled in every class method but haven't thoroughly tested/debugged them yet."
"2017/12/01 2:13:43 PM GMT","November 29, 2017","19","Project Name: Database

Fixed the problem with the getName method (I originally wasn't allocating 60 bytes for each name, which caused getName to scroll past the end of the name it was trying to retrieve). All input/output methods work as intended now!"
"2017/12/05 5:01:25 PM GMT","December 4, 2017","19","Project Name: Cryptograph

Created outline methods and constructor for the Cryptograph class. I'll be using the CaesarCipher and LetterFrequencies classes in this project as well."
"2017/12/06 6:54:36 PM GMT","December 5, 2017","19","Project Name: Cryptograph

Filled in the analyze(), bruteForce(), and main() methods of the class. Haven't begun testing yet, but there are currently no errors on compilation. The substitute() method is still blank."
"2017/12/06 7:36:23 PM GMT","December 6, 2017","19","Project Name: Cryptograph

analyze() method works as intended. Fixed issues where bruteForce() first encountered FileNotFound errors when it couldn't find a non-existent directory, then didn't process encrypted text into more than one file because the FileInputStream had reached the end of the original file. Ended up including the input stream as a local variable rather than an instance variable. Next thing to do is compare processed files with the wordList array in WordList.java. substitute() remains empty and unimplemented."
"2017/12/12 4:12:42 PM GMT","December 11, 2017","19","Geez, I really need to stay on schedule.

Project Name: Cryptograph

Started working on substitute() method. I think my method of doing this is very clever, using a for loop where the local variable is a char read by the FileReader. Anyway, after a few revisions, I ultimately have a problem where substituted.txt has a bunch of a single garbage character after the properly substituted message, which is obviously because of the for loop iterating past the end of the FileReader's stream."
"2017/12/12 4:42:49 PM GMT","December 12, 2017","19","Project Name: Cryptograph

I discovered that the reason why the for loop wasn't ending properly was because the FileWriter's read() method returns an int, which is -1 when the stream ends, but an int converted to a char and back into an int is unsigned, so the value became 65535. Anyway, substitute() now works as intended."
"2017/12/21 6:09:41 PM GMT","December 21, 2017","19","Alright, it's been a while since I updated this log. I've been getting sidetracked over the past couple weeks with assisting Dr. Kenner in the Fundamentals of Programming with Python class, as well as some other misc. projects (just today I finished writing a text generator using a Markov Chain). If not now, then after vacation I'll try to get back to updating this log and the Cryptograph."